,name,sendas
0,noah@mobify.com,/tmp/noah.html
1,lakhvledziani@mobify.com,/tmp/lakhvledziani.html
2,fabien@mobify.me,/tmp/fabien.html
3,jaybe@mobify.com,/tmp/jaybe.html
4,melissa@mobify.com,/tmp/mcheng.html
5,rattfield@mobify.me,/tmp/rattfield.html
6,candace@mobify.com,/tmp/candace.html
7,kbale@Mobify.com,/tmp/kbale.html
8,jennifer@mobify.com,/tmp/jennifer.html
9,jbates@mobify.com,/tmp/jbates.html
10,sangeeta@mobify.com,/tmp/sangeeta.html
11,anton@mobify.com,/tmp/anton.html
12,vbloise@mobify.com,/tmp/vbloise.html
13,yana@mobify.com,/tmp/yana.html
14,john@mobify.com,/tmp/john.html
15,obrook@mobify.com,/tmp/obrook.html
16,dbr@mobify.com,/tmp/dbrookroberge.html
17,tbrookes@mobify.com,/tmp/tbrookes.html
18,abullock@mobify.me,/tmp/abullock.html
19,david.burch@mobify.com,/tmp/dburch.html
20,eburke@mobify.com,/tmp/eburke.html
21,lcampbell@mobify.com,/tmp/lcampbell.html
22,scasey@mobify.com,/tmp/scasey.html
23,arthur@mobify.com,/tmp/achan.html
24,scheung@mobify.com,/tmp/scheung.html
25,loyal@mobify.me,/tmp/loyal.html
26,bchung@mobify.com,/tmp/bchung.html
27,ben.chypak@mobify.com,/tmp/bchypak.html
28,aclark@mobify.com,/tmp/aclark.html
29,bcole@mobify.com,/tmp/bcole.html
30,laura@mobify.com,/tmp/laura.html
31,kcresswell@mobify.com,/tmp/kcresswell.html
32,elizabeth@mobify.com,/tmp/elizabeth.html
33,karly@mobify.com,/tmp/karly.html
34,tessa@mobify.com,/tmp/tessa.html
35,cassie@mobify.com,/tmp/cassie.html
36,kdextrasromagnino@mobify.me,/tmp/kdextrasromagnino.html
37,hussain@mobify.com,/tmp/hussain.html
38,cdokurno@mobify.com,/tmp/cdokurno.html
39,rdutriz@mobify.com,/tmp/rdutriz.html
40,igor@mobify.com,/tmp/igor.html
41,sonja@mobify.com,/tmp/sonja.html
42,jacky@mobify.com,/tmp/jacky.html
43,nelson@mobify.com,/tmp/nelson.html
44,jordan@mobify.com,/tmp/jgirman.html
45,bgroulx@mobify.com,/tmp/bgroulx.html
46,julie@Mobify.com,/tmp/jgunn.html
47,ahackett@mobify.com,/tmp/ahackett.html
48,khalkier@mobify.com,/tmp/khalkier.html
49,zhardisty@mobify.com,/tmp/zhardisty.html
50,henry@mobify.me,/tmp/henry.html
51,tina@mobify.me,/tmp/tina.html
52,shawn@mobify.com,/tmp/shawn.html
53,jjohnstone@mobify.com,/tmp/jjohnstone.html
54,jeff@mobify.com,/tmp/jeffkamo.html
55,mkanasoot@mobify.com,/tmp/mkanasoot.html
56,sean@mobify.com,/tmp/skennedy.html
57,tkensington@mobify.com,/tmp/tkensington.html
58,tkhoja@mobify.com,/tmp/tkhoja.html
59,jkim@mobify.me,/tmp/jkim.html
60,ckvarnstrom@mobify.com,/tmp/ckvarnstrom.html
61,shawn.labrecque@mobify.com,/tmp/slabrecque.html
62,clagore@mobify.me,/tmp/clagore.html
63,benlast@mobify.com,/tmp/benlast.html
64,boris@mobify.me,/tmp/boris.html
65,claudia@mobify.com,/tmp/claudia.html
66,drew@mobify.me,/tmp/drew.html
67,mlee@mobify.com,/tmp/mlee.html
68,mlenton@mobify.com,/tmp/mlenton.html
69,christian@mobify.com,/tmp/christian.html
70,hlin@mobify.com,/tmp/helen.html
71,kmarinmiller@mobify.com,/tmp/kmarinmiller.html
72,vincent@mobify.com,/tmp/vincent.html
73,megan@mobify.com,/tmp/megan.html
74,nmcdougall@mobify.com,/tmp/nmcdougall.html
75,pmclachlan@mobify.com,/tmp/peter.html
76,spence@mobify.com,/tmp/smcneill.html
77,amehta@mobify.me,/tmp/amehta.html
78,aaron@mobify.com,/tmp/aaron.html
79,loki@mobify.me,/tmp/loki.html
80,anirvana@mobify.com,/tmp/anirvana.html
81,amyers@mobify.com,/tmp/amyers.html
82,amanda@mobify.com,/tmp/amanda.html
83,anejar@mobify.com,/tmp/anejar.html
84,dnerling@mobify.com,/tmp/dnerling.html
85,anthony@mobify.com,/tmp/anthony.html
86,mnikles@mobify.com,/tmp/mnikles.html
87,conor@mobify.com,/tmp/conor.html
88,marlow@mobify.com,/tmp/marlow.html
89,cpercy@mobify.com,/tmp/cpercy.html
90,gerardp@mobify.com,/tmp/gpietrykiewicz.html
91,michael@mobify.com,/tmp/michael.html
92,andrew@mobify.com,/tmp/arose.html
93,cole@mobify.com,/tmp/cole.html
94,gazelle@mobify.com,/tmp/gsaray.html
95,kristin@mobify.com,/tmp/kristin.html
96,karl@mobify.com,/tmp/karl.html
97,tschulz@mobify.com,/tmp/tschulz.html
98,rschwartz@mobify.me,/tmp/rschwartz.html
99,jsemple@mobify.com,/tmp/jsemple.html
100,lshepard@mobify.com,/tmp/lshepard.html
101,sshin@mobify.com,/tmp/sshin.html
102,sukh@mobify.com,/tmp/sukh.html
103,gsmith@mobify.com,/tmp/gsmith.html
104,jsmith@mobify.me,/tmp/jsmith.html
105,pstanding@mobify.me,/tmp/pstanding.html
106,ssullivan@mobify.com,/tmp/ssullivan.html
107,ben@mobify.com,/tmp/ben.html
108,athomas@mobify.com,/tmp/athomas.html
109,stkachenko@mobify.com,/tmp/stkachenko.html
110,laura.trecartin@mobify.com,/tmp/ltrecartin.html
111,ashley@mobify.me,/tmp/ashley.html
112,vvaskevich@mobify.com,/tmp/vvaskevich.html
113,madelena@mobify.com,/tmp/madelena.html
114,jason@mobify.com,/tmp/jason.html
115,twang@mobify.com,/tmp/twang.html
116,jeremy@mobify.com,/tmp/jeremy.html
117,ellen@mobify.com,/tmp/ellen.html
118,mwyatt@mobify.com,/tmp/mwyatt.html
119,nyehezkel@mobify.com,/tmp/nyehezkel.html
120,kyoung@mobify.com,/tmp/kyoung.html
121,rzajtmann@mobify.com,/tmp/rzajtmann.html
122,jzhang@mobify.com,/tmp/jzhang.html
